type	id1	id2	is_multivalent	prot1	prot2	tritryp_id1	tritryp_id2	result	comment	seq1	seq2
homo	5F8V-2	5F8V-2	FALSE	PSAT	PSAT			TN	T. vaginalis – BAD!		
homo	7TUR-2	7TUR-2	FALSE	AAT	AAT			TN	Sus scrofa (wild boar) – BAD!		
homo	7S2H-2	7S2H-2	FALSE	GCK	GCK			TN	T. cruzi (2021) - OK		
homo	6J9Q-2	6J9Q-2	FALSE	GK	GK			TN	T. brucei (2019) – OK		
homo	5AB5-2	5AB5-2	FALSE	SLP	SLP			TN	T. brucei (2015) – BAD!		
homo	8J6E-2	8J6E-2	FALSE	QOR	QOR			TN	L. donovani (2023) – OK		
homo	3IBA-o2	3IBA-o2	FALSE	FPPS	FPPS			TN	T. cruzi (2009) – Orthology to L. infantum		
homo	5EUC-4	5EUC-4	TRUE	HPRT	HPRT			TP	T. brucei (2015) – BAD!		
homo	7WP3-3	7WP3-3	TRUE	PCNA	PCNA			TP	L. donovani (2022) – OK		
homo	7WHR-6	7WHR-6	TRUE	GMPP	GMPP			fN	L. donovani (2021) – OK		
homo	7MK0-6	7MK0-6	TRUE	NDK1	NDK1			TP	T. cruzi (2021) - OK		
homo	8I40-4	8I40-4	TRUE	ASCT	ASCT			TP	L. brucei (2023) – OK		
homo	7V4J-5	7V4J-5	TRUE	GSIb	GSIb			NO INTERACTUÓ	Camellia sinensis – BAD!		
homo	1A7K-4	1A7K-4	TRUE	GAPDH	GAPDH			TP	L. mexicana (1998) – BAD!		
hetero	1Y14-oP1	1Y14-oQ1	FALSE	RPB4	RPB7			TN	nothing		
hetero	8SGZ-P6	8SGZ-Q6	FALSE	PCCα	PCCβ			TN	nothing		
hetero	8GH2-P1	8GH2-Q1	FALSE	MDH	PEX5			NO INTERACTUÓ	nothing		
hetero	8CDP-P1	8CDP-Q1	FALSE	GAP1	GAP2			TN	nothing		
hetero	8AG6-oP1	8AG6-oQ1	FALSE	MSH2	MSH6	Tb927.10.11020	Tb927.10.6410	To Compute…	nothing	MSDDRDPAVVQAFNGAGGDDTSCLRLFSRASAGCFILGSWASLVAREYVKSTAVLKNWSGVDAVAVNDSITREVIRDCLLRRGVSVEQYDRQTSGGRYVCMRRGSPGHIADFEAMLFAFEDAEIQLMAIGSVVIDDKANRVNGPGGQHVRVGYAALNTTLRTLTYAEYHDTPQLTNLDVLMAQCNLKQLLYSNTDFSMNNTGEKAADSDESREQSDLLRALKQLCERANITLQERGQSNLPHGKQKSRATKRNSTGPNGELLSTLEGILRVPEDRHGLNSFPLASRALESLLESAIDPFDSTNQHTFYLKHVVPSTFMKMDAAAIEALHIIHRKPEARGSMPTSIYSWLNRCTTGMGSRLMQQWLLQPLRSIEDINQRLSLVQIMVESPILRDALITQVLRRCTDMDRLNRKLQRRTVALKDLQSILVFANTVPLAVDVLRTYHGGHDSSLLLKGYVTPLEDISEHLSNLRTLINATVDLSDENTVRINPEFDDDLSFLERQRQNLVKAIEKENHRVLKQCGWTEKQMKCEYHASYGYVFRVPRKDDHQVRTSKEFITVSTAKDGVRFVSGQLSSLSEQYKGITEDYKTRQQVLKKKLVDTVATYLPVLDDAKELLAALDVFAAWALVVKDSSRPMVRPTVRAPQSEEVKGNVDNNSNGAILTIVNARHPLVELRQPAFTPNTVQLTNEANALIITGPNMGGKSTFMRSIGVCVALAQAGCFVPADSADIVVRDAIMCRVGATDHLAQGVSTFMVEMLESAAMLNSATQQTLAIVDELGRGTSTYDGFGLAWAIAQEVAVNAKSALLFSTHFHEMTQLAARHTNVRNVHFGADVDTAARTLRFSYQLQPGPCGRSYGLYVAQLAHIPDDVLDSARQKAVELEDFGGDETKNRAQALFSTATPEVVQRVTEYAKRIRELESGEGDGDSREAARRRLCSEIKEDALLSSLVEV	MPEVSLECEDICPENVSYPFLRGIDPKRPPSSITIPPRDLEAMAAMERQYWEVKSKHYDVVIFFKKGKFYELYDQDAAMAHREFGLKLVVDTTNRGKMRLAGVPEQTFSEWARLFVFRGYKVGRVEQMKEEGESSKNARPKVVPRELVEILTPGTITDPMMISGYGAVFVLALYPMGSGSVDGMAVDLSRRVVFHCPCGTNGKESAAGFVEEVLNEVSALLQQIRPREIIIPRGAVDAPGEEPKGSFGRRLFEWVEGEGFQVELVEEVGTSLRKLPLEERSLKEAGRFLAQYFRSLKLSNVDSILLEARPYNFHLLKQQVTSGVPSNDRSRCSDSTLLWYERREDPGLVLDAATVSNLELVGNLRDDSERGSLFNLINRCCTNGGKRLFRSWILRPSASPRVINARQEAVRFIIENNLNDLWAKTEESADVTTPICTPNSSTRTSEGPTQEFTQASGTQCGSKRGRTTNTFESRFTNLFATDFERNLSRLADLKGDSQQIAFVDPLVQYKKHLQLIISTVVAFEEMLDWSNNVQKECAPPLLQELWGTMGAVAPAVASIKACFDRKAAEVSGVIVPSQGACPAYDEATECLDIIEKKLDEVLGELRDNIFNGAAITYSHIGRENFLVEVPLMEAPKRCPPGFIERSRTSACVRYTVAGLEPLVEEHKRAKTKKADALLLVVRNIASHIFNYFPVLYEATAALCYFDCLLSLASLHTSGVATCYPVVQECDAGAYLLAEELRHPFLKSDSVPNTVNLDATHGRILVLTGPNMAGKSTLMRTVAVNVIIAQMGGPVFATSMRLAPVTRVFTRIGARDATHKGQSTLYVELSETAEIVRFAGPWSLCLVDELGRGTSTHDGYTIAHAMLAAMKKRHPVPPLLLFSTHYHALAQEEHKSMQKSTSSAASETGGVQLGYMDFAVSAASDSNIPTITFLYRLVPGICARSYGVEVALLAGISPGVVNTARVKSLELAKWYERQRDLGTVRGFITLSGTQFSHR
hetero	8OMO-oP1	8OMO-oQ1	FALSE	MSH2	MSH3	Tb927.10.11020	Tb927.9.5240	To Compute…	nothing	MSDDRDPAVVQAFNGAGGDDTSCLRLFSRASAGCFILGSWASLVAREYVKSTAVLKNWSGVDAVAVNDSITREVIRDCLLRRGVSVEQYDRQTSGGRYVCMRRGSPGHIADFEAMLFAFEDAEIQLMAIGSVVIDDKANRVNGPGGQHVRVGYAALNTTLRTLTYAEYHDTPQLTNLDVLMAQCNLKQLLYSNTDFSMNNTGEKAADSDESREQSDLLRALKQLCERANITLQERGQSNLPHGKQKSRATKRNSTGPNGELLSTLEGILRVPEDRHGLNSFPLASRALESLLESAIDPFDSTNQHTFYLKHVVPSTFMKMDAAAIEALHIIHRKPEARGSMPTSIYSWLNRCTTGMGSRLMQQWLLQPLRSIEDINQRLSLVQIMVESPILRDALITQVLRRCTDMDRLNRKLQRRTVALKDLQSILVFANTVPLAVDVLRTYHGGHDSSLLLKGYVTPLEDISEHLSNLRTLINATVDLSDENTVRINPEFDDDLSFLERQRQNLVKAIEKENHRVLKQCGWTEKQMKCEYHASYGYVFRVPRKDDHQVRTSKEFITVSTAKDGVRFVSGQLSSLSEQYKGITEDYKTRQQVLKKKLVDTVATYLPVLDDAKELLAALDVFAAWALVVKDSSRPMVRPTVRAPQSEEVKGNVDNNSNGAILTIVNARHPLVELRQPAFTPNTVQLTNEANALIITGPNMGGKSTFMRSIGVCVALAQAGCFVPADSADIVVRDAIMCRVGATDHLAQGVSTFMVEMLESAAMLNSATQQTLAIVDELGRGTSTYDGFGLAWAIAQEVAVNAKSALLFSTHFHEMTQLAARHTNVRNVHFGADVDTAARTLRFSYQLQPGPCGRSYGLYVAQLAHIPDDVLDSARQKAVELEDFGGDETKNRAQALFSTATPEVVQRVTEYAKRIRELESGEGDGDSREAARRRLCSEIKEDALLSSLVEV	MSKRRRGDDESDIFRKAIELLCHRRATTEELSVATKLTPLERQVVCLKESLPPDVILMVACGYRVKFYGRDSRVVSRRFGIMCIQATPFEYSSVPYTGVNIYVRRLVAMGYRVAFADQESASIRSTSGNSKGLFSREIGRVYSRGTMLPDEVVVTAGTPQEGSATGQGDEGAPEGGDPVGVEELLPLKEGSSELFICFLWPSTGSAGVSLVEVTLLSFVTYSLSRHHLSSGGELLDILNRYNIVEVVLFYDEDGARELDRHQNAAATDGTLPPFRLCGLPEAFYTPLNTILSLHHGPTVNGEEDNNSVTVCTSPFIGSIDDSIAEYLKPSRFDTTFRKMCSKSPPLLARSTAGGVAELVMEMPGTTMSALDIFHSSIGLKGSLLALLDHSLTVPGLRRLRSWLAAPLCDLRAINSRREAVAFLLRGEGGDSVVGLLREFAKFGDLEATLGKLRAQRCTVTDYLRLLRAVKVTHKLALDILSLCGEGMCDQIRDALVAVTSENVELFLQSCKCELNLDADSPQEYYAALGSPLPDLLQTHAKERDEVLRALDVELECIRKTLKLPALEYRTIAGTTFIVDVPNVRANDAPKEWIVLTRTKTHVRFHTPRIVNLTVELCSAKERLAIAANEAWLAKQAELEGSVDTMEIFKSVINSVAVLDALHCLAVASSAPGYTAPSISDDEQSIVIRDGRHPMLESLMRGGYVGCDVSLVKHGAWILTGPNMGGKSALMRMVGTFVVLAQLGCYVPAKSAQLPLFGAVYCRMGSSDSLLEGSSTFLKEMEETSRILRSEIVSSSLVLLDELGRGTSSYDGIAIAAATLEYLLRKGATTFFVTHYSQLCEPYVNSSNNGLVSCYYMGFHEEKIVSREGEGEVKIVFTYKPTLGVTPSSFGARVARMAGLPSAVVTEAQLISEEAERTHDWCLSLLELRRFVKNNS
hetero	4RSI-oP1	4RSI-oQ1	FALSE	SMC2	SMC4	Tb927.10.10340	Tb927.10.740	To Compute…	nothing	MLRESAQGGGSGGRGLDLEYDRRACAGIEQYIWGRVVELVSPQEEKYAIALTVGAQSQLMRVVVTSDIVAERIIRHGLRQRTAFLPLNTLTQPKSISDSQLEEAKRMANRMNGFVAVAKDLTVVKDEAHRVIADYVFGNFFICSTLELAQELAYGSAVRCKAVTLDGEVVEPKGLMTGGSKKHIRNVFADVLIYKKRK	HSINASIQDIKNSFSEGESDDRAVRFLLLQRSLKGYYGTLRQLGRIDDAYDVAAGVASNAWSYHVVEDRETAAKALELLRTHDIGRATMIVLKEIERQIGNRMETPFTSPTPKAKRLFDLITPVNDRFRIAFYQALGNTLVVSGLTEAREVAFGGPQRYRVVTLRGELAEPGGSLTGGGNTPRGAGLKAARLPVDKEAVRATLQNLQAE
hetero	1JEY-oP1	1JEY-oQ1	FALSE	Ku70	Ku80	Tb927.3.5030	Tb927.6.1760	To Compute…	nothing	MAHYDEWLMSVDGLDFHDEDDSYFNETYATEDEPSLRTGSVSSLDQFDVVLCLVDFQQRMFQGVVAHDCKNPFAGGAEQVYDDIAEVKVKETPTVFEKAICCVQQLYKDKGISDSNDMVALVLYNTRECTHPDYPGVYVFHTFCSAEIQSVLDLEELVAAGRVPSAGYENIVTKIGHSTEAKSHLGDALRAARHLFSQLPSEVKHRRIFLFTNDVNPHRGDEELLQKCAIQIESLSSGGVGLVCYDMSPTALPSPAASTQSGEAAAMSERWATQFGGVDEFWSALTGAVPKATNSSRVGTIDIVHLNSDDSVMLGALSTAVRWRTHPRGASQTTTLTIGVGAKGSALPRLTVGMYFPMTNAQRRLSKWLDGRAGEMVMLRQRAVGVGAPILLPCHAGKSGAPPAHISTGQLGKSRPSTGPGTCPNVPLSCKKHIAEVVGAGLTLGFSIICFKNADDVLHPQYVLGKSCVLHPDPQDGSDGSLRLFIRLARALKEQRKVAMAQHITRYATPPRLVALVPPGLNGDHMDTASFPVMHGLGLYVVPLSYADDVRTTPRSPLFGDATKPMERDIALAQRLLATLPSKYNVNVVPNPALELRYKAIESIVQQTQQQSGLSKEIPGVAPFSQLSKAVDRTWGDRGAMAKYGSVFDEFKAVLLPSYNRDETCGPKTKAARNVKARAELADEDIKGVERIISAVESAFRFQSMGMLTEPQLKEYLRVMEGGAFGVRRNPDIIQAVISQLQGDI	MAFRTSTIFALDVNCSISSLAQAVEFCRLSVLKTMCPSSYDEVALVVAGGCRSYSGGTSTSVSTCGSAAQLSAPCLPAPPSVEFITILHRILRDREEQQGVGSSANFIETLTLCVEVFNLKKRRKQFREVLYLLTDAHAEVVRKSVFRDVLNALRARGVTLIVVGIDFSQVTGEGSLLPGASAPSLTSNRVKVDNETVLYTLCKALGNDSRVITLRDALVSAAQLVCRKVRSLAQKTVFTIGEVRLATNVLGKVRRMHVPANRTPAPTERVPGSRKAAHSQLFDEETLRLEGGEEDSQQTCLETPVNKPTASSSNRLSEATKIRGSRGIDAVACIPQNQVPVHVLVVDTSYMIAPLDDDPVGTRAFRSIVKALAAQDSALVVRYVRSTDGNPNMFLCVPLTTGDEDVLFMSRLPFMEEIRCLRFPTLQEMEMECDIPEADAQREQELVSSIVEEMTVGEEVLHPHRVLNPFVQQYYATQRAMVNRWCSRTAENPLSAHEDSDIKLALLPQLRGISAGFASPGCKVEQLVSRTREKLETCCRVFAYVPRTTSHSPERKVLWERTPAGQPPVSETVENTEVASPAAPSTLQCHLGSGSSVTCRPVCANPPHDAVSSFIQDKRTMFHPVAHPLGSGSS
hetero	2GIA-oP2	2GIA-oQ2	TRUE	MRP1	MRP2			TP	nothing		
hetero	3MZL-oP2	3MZL-oQ2	TRUE	SEC13	SEC31			TP	nothing		
hetero	5FIL-oP3	5FIL-oQ3	TRUE	ATPSα	ATPSβ			TP	nothing		
hetero	6DFT-P2	6DFT-Q2	TRUE	DHSc	DHSp			TP	nothing		
hetero	7Q8S-P5	7Q8S-Q5	TRUE	ACT	Cofilin			TP	nothing		
hetero	8RTH-P6	8RTH-Q6	TRUE	MCCα	MCCβ			TP	nothing		
hetero	8U0V-oP3	8U0V-oQ3	TRUE	PEX1	PEX6			fN	nothing		
hetero	9EMC-oP3	9EMC-oQ3	TRUE	RUVBL1	RUVBL2			TP	nothing		
